{
    "total_runtime": 74.35517406463623,
    "num_documents": 1,
    "input_load_time": 0,
    "workflows": {
        "create_base_text_units": {
            "overall": 0.31867098808288574,
            "0_orderby": 0.014586448669433594,
            "1_zip": 0.005003690719604492,
            "2_aggregate_override": 0.009038448333740234,
            "3_chunk": 0.19321537017822266,
            "4_select": 0.004832029342651367,
            "5_unroll": 0.007665872573852539,
            "6_rename": 0.003501415252685547,
            "7_genid": 0.003462553024291992,
            "8_unzip": 0.004033327102661133,
            "9_copy": 0.006516695022583008,
            "10_filter": 0.05991697311401367
        },
        "create_base_extracted_entities": {
            "overall": 22.491413831710815,
            "0_entity_extract": 22.46056842803955,
            "1_merge_graphs": 0.02684330940246582
        },
        "create_summarized_entities": {
            "overall": 3.1458449363708496,
            "0_summarize_descriptions": 3.1412978172302246
        },
        "create_base_entity_graph": {
            "overall": 0.12780237197875977,
            "0_cluster_graph": 0.11254143714904785,
            "1_select": 0.006108283996582031
        },
        "create_final_entities": {
            "overall": 2.147043228149414,
            "0_unpack_graph": 0.023992061614990234,
            "1_rename": 0.00796818733215332,
            "2_select": 0.007022380828857422,
            "3_dedupe": 0.009473085403442383,
            "4_rename": 0.007093906402587891,
            "5_filter": 0.024509668350219727,
            "6_text_split": 0.010081291198730469,
            "7_drop": 0.01091909408569336,
            "8_merge": 0.03483152389526367,
            "9_text_embed": 1.9709489345550537,
            "10_drop": 0.009914398193359375,
            "11_filter": 0.023256301879882812
        },
        "create_final_nodes": {
            "overall": 0.37397003173828125,
            "0_layout_graph": 0.09055209159851074,
            "1_unpack_graph": 0.032196760177612305,
            "2_unpack_graph": 0.03023695945739746,
            "3_filter": 0.04949617385864258,
            "4_drop": 0.017369985580444336,
            "5_select": 0.013998746871948242,
            "6_rename": 0.014443635940551758,
            "7_convert": 0.0787959098815918,
            "8_join": 0.023375511169433594,
            "9_rename": 0.01550436019897461
        },
        "create_final_communities": {
            "overall": 0.3968994617462158,
            "0_unpack_graph": 0.03572392463684082,
            "1_unpack_graph": 0.03488802909851074,
            "2_aggregate_override": 0.03166818618774414,
            "3_join": 0.021741867065429688,
            "4_join": 0.019719839096069336,
            "5_concat": 0.015919208526611328,
            "6_filter": 0.07934975624084473,
            "7_aggregate_override": 0.020180225372314453,
            "8_join": 0.017713069915771484,
            "9_filter": 0.0324099063873291,
            "10_fill": 0.015418529510498047,
            "11_merge": 0.02449512481689453,
            "12_copy": 0.0184023380279541,
            "13_select": 0.01754283905029297
        },
        "join_text_units_to_entity_ids": {
            "overall": 0.06427645683288574,
            "0_select": 0.01450967788696289,
            "1_unroll": 0.017000913619995117,
            "2_aggregate_override": 0.020762920379638672
        },
        "create_final_relationships": {
            "overall": 0.28931546211242676,
            "0_unpack_graph": 0.03893470764160156,
            "1_filter": 0.041307687759399414,
            "2_rename": 0.0189971923828125,
            "3_filter": 0.048017263412475586,
            "4_drop": 0.02277827262878418,
            "5_compute_edge_combined_degree": 0.04286360740661621,
            "6_convert": 0.03943896293640137,
            "7_convert": 0.016710519790649414
        },
        "join_text_units_to_relationship_ids": {
            "overall": 0.0962672233581543,
            "0_select": 0.016015052795410156,
            "1_unroll": 0.020875215530395508,
            "2_aggregate_override": 0.0237734317779541,
            "3_select": 0.01960444450378418
        },
        "create_final_community_reports": {
            "overall": 38.162405490875244,
            "0_prepare_community_reports_nodes": 0.030659198760986328,
            "1_prepare_community_reports_edges": 0.025002002716064453,
            "2_restore_community_hierarchy": 0.03007960319519043,
            "3_prepare_community_reports": 0.1775038242340088,
            "4_create_community_reports": 37.82548451423645,
            "5_window": 0.05566763877868652
        },
        "create_final_text_units": {
            "overall": 0.49871325492858887,
            "0_select": 0.06483030319213867,
            "1_rename": 0.06777358055114746,
            "2_join": 0.07959604263305664,
            "3_join": 0.08025002479553223,
            "4_aggregate_override": 0.08580756187438965,
            "5_select": 0.06725335121154785
        },
        "create_base_documents": {
            "overall": 0.8303706645965576,
            "0_unroll": 0.06605243682861328,
            "1_select": 0.07161426544189453,
            "2_rename": 0.06547832489013672,
            "3_join": 0.08113741874694824,
            "4_aggregate_override": 0.08113884925842285,
            "5_join": 0.08233404159545898,
            "6_rename": 0.07155394554138184,
            "7_convert": 0.2502439022064209
        },
        "create_final_documents": {
            "overall": 0.14894604682922363,
            "0_rename": 0.08460044860839844
        }
    }
}